x-axis,1
second,Volt
-260.4000E-03,
-260.1500E-03,-522.6131E-03
-259.9000E-03,-561.5578E-03
-259.6500E-03,-533.9196E-03
-259.4000E-03,-503.7688E-03
-259.1500E-03,-562.8141E-03
-258.9000E-03,-483.6683E-03
-258.6500E-03,-562.8141E-03
-258.4000E-03,-522.6131E-03
-258.1500E-03,-513.8191E-03
-257.9000E-03,-522.6131E-03
-257.6500E-03,-533.9196E-03
-257.4000E-03,-541.4573E-03
-257.1500E-03,-513.8191E-03
-256.9000E-03,-522.6131E-03
-256.6500E-03,-540.2010E-03
-256.4000E-03,-503.7688E-03
-256.1500E-03,-522.6131E-03
-255.9000E-03,-522.6131E-03
-255.6500E-03,-551.5075E-03
-255.4000E-03,-541.4573E-03
-255.1500E-03,-531.4070E-03
-254.9000E-03,-523.8693E-03
-254.6500E-03,-522.6131E-03
-254.4000E-03,-543.9698E-03
-254.1500E-03,-531.4070E-03
-253.9000E-03,-561.5578E-03
-253.6500E-03,-533.9196E-03
-253.4000E-03,-501.2563E-03
-253.1500E-03,-513.8191E-03
-252.9000E-03,-522.6131E-03
-252.6500E-03,-522.6131E-03
-252.4000E-03,-503.7688E-03
-252.1500E-03,-545.2261E-03
-251.9000E-03,-522.6131E-03
-251.6500E-03,-522.6131E-03
-251.4000E-03,-543.9698E-03
-251.1500E-03,-522.6131E-03
-250.9000E-03,-561.5578E-03
-250.6500E-03,-522.6131E-03
-250.4000E-03,-522.6131E-03
-250.1500E-03,-513.8191E-03
-249.9000E-03,-522.6131E-03
-249.6500E-03,-522.6131E-03
-249.4000E-03,-543.9698E-03
-249.1500E-03,-531.4070E-03
-248.9000E-03,-561.5578E-03
-248.6500E-03,-533.9196E-03
-248.4000E-03,-562.8141E-03
-248.1500E-03,-531.4070E-03
-247.9000E-03,-483.6683E-03
-247.6500E-03,-551.5075E-03
-247.4000E-03,-543.9698E-03
-247.1500E-03,-554.0201E-03
-246.9000E-03,-561.5578E-03
-246.6500E-03,-522.6131E-03
-246.4000E-03,-522.6131E-03
-246.1500E-03,-513.8191E-03
-245.9000E-03,-483.6683E-03
-245.6500E-03,-493.7186E-03
-245.4000E-03,-522.6131E-03
-245.1500E-03,-491.2060E-03
-244.9000E-03,-523.8693E-03
-244.6500E-03,-522.6131E-03
-244.4000E-03,-522.6131E-03
-244.1500E-03,-513.8191E-03
-243.9000E-03,-523.8693E-03
-243.6500E-03,-522.6131E-03
-243.4000E-03,-482.4121E-03
-243.1500E-03,-522.6131E-03
-242.9000E-03,-483.6683E-03
-242.6500E-03,-511.3065E-03
-242.4000E-03,-543.9698E-03
-242.1500E-03,-522.6131E-03
-241.9000E-03,-522.6131E-03
-241.6500E-03,-551.5075E-03
-241.4000E-03,-522.6131E-03
-241.1500E-03,-522.6131E-03
-240.9000E-03,-521.3568E-03
-240.6500E-03,-511.3065E-03
-240.4000E-03,-501.2563E-03
-240.1500E-03,-522.6131E-03
-239.9000E-03,-522.6131E-03
-239.6500E-03,-493.7186E-03
-239.4000E-03,-541.4573E-03
-239.1500E-03,-554.0201E-03
-238.9000E-03,-523.8693E-03
-238.6500E-03,-493.7186E-03
-238.4000E-03,-522.6131E-03
-238.1500E-03,-562.8141E-03
-237.9000E-03,-522.6131E-03
-237.6500E-03,-551.5075E-03
-237.4000E-03,-522.6131E-03
-237.1500E-03,-522.6131E-03
-236.9000E-03,-521.3568E-03
-236.6500E-03,-522.6131E-03
-236.4000E-03,-522.6131E-03
-236.1500E-03,-522.6131E-03
-235.9000E-03,-483.6683E-03
-235.6500E-03,-522.6131E-03
-235.4000E-03,-501.2563E-03
-235.1500E-03,-522.6131E-03
-234.9000E-03,-522.6131E-03
-234.6500E-03,-551.5075E-03
-234.4000E-03,-522.6131E-03
-234.1500E-03,-513.8191E-03
-233.9000E-03,-445.9799E-03
-233.6500E-03,-522.6131E-03
-233.4000E-03,-501.2563E-03
-233.1500E-03,-491.2060E-03
-232.9000E-03,-562.8141E-03
-232.6500E-03,-493.7186E-03
-232.4000E-03,-522.6131E-03
-232.1500E-03,-554.0201E-03
-231.9000E-03,-522.6131E-03
-231.6500E-03,-562.8141E-03
-231.4000E-03,-522.6131E-03
-231.1500E-03,-513.8191E-03
-230.9000E-03,-522.6131E-03
-230.6500E-03,-511.3065E-03
-230.4000E-03,-543.9698E-03
-230.1500E-03,-522.6131E-03
-229.9000E-03,-483.6683E-03
-229.6500E-03,-522.6131E-03
-229.4000E-03,-541.4573E-03
-229.1500E-03,-522.6131E-03
-228.9000E-03,-522.6131E-03
-228.6500E-03,-522.6131E-03
-228.4000E-03,-503.7688E-03
-228.1500E-03,-513.8191E-03
-227.9000E-03,-522.6131E-03
-227.6500E-03,-522.6131E-03
-227.4000E-03,-522.6131E-03
-227.1500E-03,-513.8191E-03
-226.9000E-03,-522.6131E-03
-226.6500E-03,-522.6131E-03
-226.4000E-03,-522.6131E-03
-226.1500E-03,-554.0201E-03
-225.9000E-03,-561.5578E-03
-225.6500E-03,-522.6131E-03
-225.4000E-03,-503.7688E-03
-225.1500E-03,-554.0201E-03
-224.9000E-03,-561.5578E-03
-224.6500E-03,-533.9196E-03
-224.4000E-03,-522.6131E-03
-224.1500E-03,-522.6131E-03
-223.9000E-03,-560.3015E-03
-223.6500E-03,-522.6131E-03
-223.4000E-03,-503.7688E-03
-223.1500E-03,-513.8191E-03
-222.9000E-03,-522.6131E-03
-222.6500E-03,-511.3065E-03
-222.4000E-03,-520.1005E-03
-222.1500E-03,-522.6131E-03
-221.9000E-03,-483.6683E-03
-221.6500E-03,-522.6131E-03
-221.4000E-03,-501.2563E-03
-221.1500E-03,-491.2060E-03
-220.9000E-03,-523.8693E-03
-220.6500E-03,-522.6131E-03
-220.4000E-03,-522.6131E-03
-220.1500E-03,-513.8191E-03
-219.9000E-03,-483.6683E-03
-219.6500E-03,-511.3065E-03
-219.4000E-03,-503.7688E-03
-219.1500E-03,-513.8191E-03
-218.9000E-03,-522.6131E-03
-218.6500E-03,-493.7186E-03
-218.4000E-03,-522.6131E-03
-218.1500E-03,-522.6131E-03
-217.9000E-03,-522.6131E-03
-217.6500E-03,-493.7186E-03
-217.4000E-03,-522.6131E-03
-217.1500E-03,-522.6131E-03
-216.9000E-03,-522.6131E-03
-216.6500E-03,-511.3065E-03
-216.4000E-03,-501.2563E-03
-216.1500E-03,-522.6131E-03
-215.9000E-03,-483.6683E-03
-215.6500E-03,-522.6131E-03
-215.4000E-03,-503.7688E-03
-215.1500E-03,-554.0201E-03
-214.9000E-03,-522.6131E-03
-214.6500E-03,-511.3065E-03
-214.4000E-03,-501.2563E-03
-214.1500E-03,-522.6131E-03
-213.9000E-03,-483.6683E-03
-213.6500E-03,-511.3065E-03
-213.4000E-03,-501.2563E-03
-213.1500E-03,-491.2060E-03
-212.9000E-03,-522.6131E-03
-212.6500E-03,-522.6131E-03
-212.4000E-03,-541.4573E-03
-212.1500E-03,-522.6131E-03
-211.9000E-03,-522.6131E-03
-211.6500E-03,-522.6131E-03
-211.4000E-03,-482.4121E-03
-211.1500E-03,-554.0201E-03
-210.9000E-03,-562.8141E-03
-210.6500E-03,-533.9196E-03
-210.4000E-03,-541.4573E-03
-210.1500E-03,-522.6131E-03
-209.9000E-03,-521.3568E-03
-209.6500E-03,-522.6131E-03
-209.4000E-03,-522.6131E-03
-209.1500E-03,-554.0201E-03
-208.9000E-03,-523.8693E-03
-208.6500E-03,-493.7186E-03
-208.4000E-03,-543.9698E-03
-208.1500E-03,-513.8191E-03
-207.9000E-03,-522.6131E-03
-207.6500E-03,-522.6131E-03
-207.4000E-03,-522.6131E-03
-207.1500E-03,-531.4070E-03
-206.9000E-03,-522.6131E-03
-206.6500E-03,-522.6131E-03
-206.4000E-03,-522.6131E-03
-206.1500E-03,-522.6131E-03
-205.9000E-03,-522.6131E-03
-205.6500E-03,-522.6131E-03
-205.4000E-03,-543.9698E-03
-205.1500E-03,-500.0000E-03
-204.9000E-03,-522.6131E-03
-204.6500E-03,-522.6131E-03
-204.4000E-03,-503.7688E-03
-204.1500E-03,-513.8191E-03
-203.9000E-03,-523.8693E-03
-203.6500E-03,-562.8141E-03
-203.4000E-03,-560.3015E-03
-203.1500E-03,-562.8141E-03
-202.9000E-03,-561.5578E-03
-202.6500E-03,-522.6131E-03
-202.4000E-03,-522.6131E-03
-202.1500E-03,-522.6131E-03
-201.9000E-03,-522.6131E-03
-201.6500E-03,-511.3065E-03
-201.4000E-03,-503.7688E-03
-201.1500E-03,-554.0201E-03
-200.9000E-03,-522.6131E-03
-200.6500E-03,-493.7186E-03
-200.4000E-03,-522.6131E-03
-200.1500E-03,-531.4070E-03
-199.9000E-03,-522.6131E-03
-199.6500E-03,-551.5075E-03
-199.4000E-03,-543.9698E-03
-199.1500E-03,-562.8141E-03
-198.9000E-03,-484.9246E-03
-198.6500E-03,-505.0251E-03
-198.4000E-03,-543.9698E-03
-198.1500E-03,-562.8141E-03
-197.9000E-03,-560.3015E-03
-197.6500E-03,-522.6131E-03
-197.4000E-03,-522.6131E-03
-197.1500E-03,-513.8191E-03
-196.9000E-03,-522.6131E-03
-196.6500E-03,-533.9196E-03
-196.4000E-03,-541.4573E-03
-196.1500E-03,-554.0201E-03
-195.9000E-03,-522.6131E-03
-195.6500E-03,-522.6131E-03
-195.4000E-03,-522.6131E-03
-195.1500E-03,-554.0201E-03
-194.9000E-03,-523.8693E-03
-194.6500E-03,-533.9196E-03
-194.4000E-03,-541.4573E-03
-194.1500E-03,-522.6131E-03
-193.9000E-03,-522.6131E-03
-193.6500E-03,-540.2010E-03
-193.4000E-03,-522.6131E-03
-193.1500E-03,-522.6131E-03
-192.9000E-03,-522.6131E-03
-192.6500E-03,-551.5075E-03
-192.4000E-03,-522.6131E-03
-192.1500E-03,-513.8191E-03
-191.9000E-03,-523.8693E-03
-191.6500E-03,-522.6131E-03
-191.4000E-03,-543.9698E-03
-191.1500E-03,-531.4070E-03
-190.9000E-03,-522.6131E-03
-190.6500E-03,-522.6131E-03
-190.4000E-03,-522.6131E-03
-190.1500E-03,-513.8191E-03
-189.9000E-03,-522.6131E-03
-189.6500E-03,-511.3065E-03
-189.4000E-03,-522.6131E-03
-189.1500E-03,-522.6131E-03
-188.9000E-03,-483.6683E-03
-188.6500E-03,-522.6131E-03
-188.4000E-03,-522.6131E-03
-188.1500E-03,-513.8191E-03
-187.9000E-03,-522.6131E-03
-187.6500E-03,-511.3065E-03
-187.4000E-03,-522.6131E-03
-187.1500E-03,-522.6131E-03
-186.9000E-03,-561.5578E-03
-186.6500E-03,-511.3065E-03
-186.4000E-03,-522.6131E-03
-186.1500E-03,-491.2060E-03
-185.9000E-03,-521.3568E-03
-185.6500E-03,-511.3065E-03
-185.4000E-03,-522.6131E-03
-185.1500E-03,-522.6131E-03
-184.9000E-03,-482.4121E-03
-184.6500E-03,-522.6131E-03
-184.4000E-03,-522.6131E-03
-184.1500E-03,-522.6131E-03
-183.9000E-03,-483.6683E-03
-183.6500E-03,-540.2010E-03
-183.4000E-03,-522.6131E-03
-183.1500E-03,-491.2060E-03
-182.9000E-03,-522.6131E-03
-182.6500E-03,-522.6131E-03
-182.4000E-03,-522.6131E-03
-182.1500E-03,-522.6131E-03
-181.9000E-03,-522.6131E-03
-181.6500E-03,-482.4121E-03
-181.4000E-03,-543.9698E-03
-181.1500E-03,-554.0201E-03
-180.9000E-03,-523.8693E-03
-180.6500E-03,-522.6131E-03
-180.4000E-03,-541.4573E-03
-180.1500E-03,-522.6131E-03
-179.9000E-03,-523.8693E-03
-179.6500E-03,-505.0251E-03
-179.4000E-03,-543.9698E-03
-179.1500E-03,-562.8141E-03
-178.9000E-03,-523.8693E-03
-178.6500E-03,-562.8141E-03
-178.4000E-03,-522.6131E-03
-178.1500E-03,-554.0201E-03
-177.9000E-03,-561.5578E-03
-177.6500E-03,-522.6131E-03
-177.4000E-03,-541.4573E-03
-177.1500E-03,-554.0201E-03
-176.9000E-03,-561.5578E-03
-176.6500E-03,-551.5075E-03
-176.4000E-03,-543.9698E-03
-176.1500E-03,-554.0201E-03
-175.9000E-03,-521.3568E-03
-175.6500E-03,-522.6131E-03
-175.4000E-03,-522.6131E-03
-175.1500E-03,-531.4070E-03
-174.9000E-03,-521.3568E-03
-174.6500E-03,-533.9196E-03
-174.4000E-03,-541.4573E-03
-174.1500E-03,-482.4121E-03
-173.9000E-03,-521.3568E-03
-173.6500E-03,-562.8141E-03
-173.4000E-03,-522.6131E-03
-173.1500E-03,-522.6131E-03
-172.9000E-03,-523.8693E-03
-172.6500E-03,-562.8141E-03
-172.4000E-03,-503.7688E-03
-172.1500E-03,-522.6131E-03
-171.9000E-03,-522.6131E-03
-171.6500E-03,-522.6131E-03
-171.4000E-03,-541.4573E-03
-171.1500E-03,-522.6131E-03
-170.9000E-03,-562.8141E-03
-170.6500E-03,-522.6131E-03
-170.4000E-03,-503.7688E-03
-170.1500E-03,-522.6131E-03
-169.9000E-03,-483.6683E-03
-169.6500E-03,-551.5075E-03
-169.4000E-03,-541.4573E-03
-169.1500E-03,-482.4121E-03
-168.9000E-03,-522.6131E-03
-168.6500E-03,-551.5075E-03
-168.4000E-03,-541.4573E-03
-168.1500E-03,-554.0201E-03
-167.9000E-03,-483.6683E-03
-167.6500E-03,-533.9196E-03
-167.4000E-03,-522.6131E-03
-167.1500E-03,-531.4070E-03
-166.9000E-03,-523.8693E-03
-166.6500E-03,-482.4121E-03
-166.4000E-03,-522.6131E-03
-166.1500E-03,-522.6131E-03
-165.9000E-03,-522.6131E-03
-165.6500E-03,-533.9196E-03
-165.4000E-03,-522.6131E-03
-165.1500E-03,-522.6131E-03
-164.9000E-03,-484.9246E-03
-164.6500E-03,-533.9196E-03
-164.4000E-03,-522.6131E-03
-164.1500E-03,-522.6131E-03
-163.9000E-03,-523.8693E-03
-163.6500E-03,-522.6131E-03
-163.4000E-03,-522.6131E-03
-163.1500E-03,-531.4070E-03
-162.9000E-03,-561.5578E-03
-162.6500E-03,-562.8141E-03
-162.4000E-03,-541.4573E-03
-162.1500E-03,-531.4070E-03
-161.9000E-03,-522.6131E-03
-161.6500E-03,-551.5075E-03
-161.4000E-03,-541.4573E-03
-161.1500E-03,-562.8141E-03
-160.9000E-03,-483.6683E-03
-160.6500E-03,-551.5075E-03
-160.4000E-03,-543.9698E-03
-160.1500E-03,-522.6131E-03
-159.9000E-03,-484.9246E-03
-159.6500E-03,-533.9196E-03
-159.4000E-03,-522.6131E-03
-159.1500E-03,-554.0201E-03
-158.9000E-03,-561.5578E-03
-158.6500E-03,-493.7186E-03
-158.4000E-03,-543.9698E-03
-158.1500E-03,-522.6131E-03
-157.9000E-03,-521.3568E-03
-157.6500E-03,-511.3065E-03
-157.4000E-03,-543.9698E-03
-157.1500E-03,-554.0201E-03
-156.9000E-03,-522.6131E-03
-156.6500E-03,-533.9196E-03
-156.4000E-03,-522.6131E-03
-156.1500E-03,-500.0000E-03
-155.9000E-03,-523.8693E-03
-155.6500E-03,-522.6131E-03
-155.4000E-03,-501.2563E-03
-155.1500E-03,-522.6131E-03
-154.9000E-03,-562.8141E-03
-154.6500E-03,-533.9196E-03
-154.4000E-03,-562.8141E-03
-154.1500E-03,-522.6131E-03
-153.9000E-03,-523.8693E-03
-153.6500E-03,-522.6131E-03
-153.4000E-03,-543.9698E-03
-153.1500E-03,-482.4121E-03
-152.9000E-03,-522.6131E-03
-152.6500E-03,-522.6131E-03
-152.4000E-03,-541.4573E-03
-152.1500E-03,-522.6131E-03
-151.9000E-03,-522.6131E-03
-151.6500E-03,-493.7186E-03
-151.4000E-03,-541.4573E-03
-151.1500E-03,-522.6131E-03
-150.9000E-03,-522.6131E-03
-150.6500E-03,-551.5075E-03
-150.4000E-03,-501.2563E-03
-150.1500E-03,-562.8141E-03
-149.9000E-03,-521.3568E-03
-149.6500E-03,-522.6131E-03
-149.4000E-03,-522.6131E-03
-149.1500E-03,-491.2060E-03
-148.9000E-03,-522.6131E-03
-148.6500E-03,-522.6131E-03
-148.4000E-03,-501.2563E-03
-148.1500E-03,-491.2060E-03
-147.9000E-03,-483.6683E-03
-147.6500E-03,-522.6131E-03
-147.4000E-03,-541.4573E-03
-147.1500E-03,-562.8141E-03
-146.9000E-03,-483.6683E-03
-146.6500E-03,-551.5075E-03
-146.4000E-03,-522.6131E-03
-146.1500E-03,-522.6131E-03
-145.9000E-03,-562.8141E-03
-145.6500E-03,-533.9196E-03
-145.4000E-03,-543.9698E-03
-145.1500E-03,-554.0201E-03
-144.9000E-03,-522.6131E-03
-144.6500E-03,-522.6131E-03
-144.4000E-03,-522.6131E-03
-144.1500E-03,-482.4121E-03
-143.9000E-03,-522.6131E-03
-143.6500E-03,-522.6131E-03
-143.4000E-03,-543.9698E-03
-143.1500E-03,-554.0201E-03
-142.9000E-03,-483.6683E-03
-142.6500E-03,-493.7186E-03
-142.4000E-03,-543.9698E-03
-142.1500E-03,-522.6131E-03
-141.9000E-03,-521.3568E-03
-141.6500E-03,-522.6131E-03
-141.4000E-03,-562.8141E-03
-141.1500E-03,-522.6131E-03
-140.9000E-03,-484.9246E-03
-140.6500E-03,-522.6131E-03
-140.4000E-03,-543.9698E-03
-140.1500E-03,-513.8191E-03
-139.9000E-03,-522.6131E-03
-139.6500E-03,-511.3065E-03
-139.4000E-03,-541.4573E-03
-139.1500E-03,-482.4121E-03
-138.9000E-03,-522.6131E-03
-138.6500E-03,-522.6131E-03
-138.4000E-03,-522.6131E-03
-138.1500E-03,-562.8141E-03
-137.9000E-03,-522.6131E-03
-137.6500E-03,-551.5075E-03
-137.4000E-03,-522.6131E-03
-137.1500E-03,-522.6131E-03
-136.9000E-03,-483.6683E-03
-136.6500E-03,-551.5075E-03
-136.4000E-03,-562.8141E-03
-136.1500E-03,-522.6131E-03
-135.9000E-03,-522.6131E-03
-135.6500E-03,-551.5075E-03
-135.4000E-03,-522.6131E-03
-135.1500E-03,-522.6131E-03
-134.9000E-03,-522.6131E-03
-134.6500E-03,-522.6131E-03
-134.4000E-03,-522.6131E-03
-134.1500E-03,-554.0201E-03
-133.9000E-03,-522.6131E-03
-133.6500E-03,-551.5075E-03
-133.4000E-03,-522.6131E-03
-133.1500E-03,-522.6131E-03
-132.9000E-03,-523.8693E-03
-132.6500E-03,-522.6131E-03
-132.4000E-03,-522.6131E-03
-132.1500E-03,-545.2261E-03
-131.9000E-03,-522.6131E-03
-131.6500E-03,-522.6131E-03
-131.4000E-03,-522.6131E-03
-131.1500E-03,-522.6131E-03
-130.9000E-03,-522.6131E-03
-130.6500E-03,-493.7186E-03
-130.4000E-03,-562.8141E-03
-130.1500E-03,-500.0000E-03
-129.9000E-03,-522.6131E-03
-129.6500E-03,-522.6131E-03
-129.4000E-03,-543.9698E-03
-129.1500E-03,-482.4121E-03
-128.9000E-03,-483.6683E-03
-128.6500E-03,-522.6131E-03
-128.4000E-03,-503.7688E-03
-128.1500E-03,-522.6131E-03
-127.9000E-03,-483.6683E-03
-127.6500E-03,-551.5075E-03
-127.4000E-03,-543.9698E-03
-127.1500E-03,-554.0201E-03
-126.9000E-03,-522.6131E-03
-126.6500E-03,-522.6131E-03
-126.4000E-03,-522.6131E-03
-126.1500E-03,-513.8191E-03
-125.9000E-03,-522.6131E-03
-125.6500E-03,-482.4121E-03
-125.4000E-03,-543.9698E-03
-125.1500E-03,-491.2060E-03
-124.9000E-03,-483.6683E-03
-124.6500E-03,-540.2010E-03
-124.4000E-03,-522.6131E-03
-124.1500E-03,-491.2060E-03
-123.9000E-03,-561.5578E-03
-123.6500E-03,-522.6131E-03
-123.4000E-03,-543.9698E-03
-123.1500E-03,-522.6131E-03
-122.9000E-03,-522.6131E-03
-122.6500E-03,-562.8141E-03
-122.4000E-03,-522.6131E-03
-122.1500E-03,-522.6131E-03
-121.9000E-03,-521.3568E-03
-121.6500E-03,-533.9196E-03
-121.4000E-03,-501.2563E-03
-121.1500E-03,-513.8191E-03
-120.9000E-03,-522.6131E-03
-120.6500E-03,-522.6131E-03
-120.4000E-03,-522.6131E-03
-120.1500E-03,-522.6131E-03
-119.9000E-03,-522.6131E-03
-119.6500E-03,-522.6131E-03
-119.4000E-03,-522.6131E-03
-119.1500E-03,-513.8191E-03
-118.9000E-03,-522.6131E-03
-118.6500E-03,-533.9196E-03
-118.4000E-03,-522.6131E-03
-118.1500E-03,-522.6131E-03
-117.9000E-03,-522.6131E-03
-117.6500E-03,-511.3065E-03
-117.4000E-03,-522.6131E-03
-117.1500E-03,-522.6131E-03
-116.9000E-03,-483.6683E-03
-116.6500E-03,-551.5075E-03
-116.4000E-03,-543.9698E-03
-116.1500E-03,-522.6131E-03
-115.9000E-03,-561.5578E-03
-115.6500E-03,-551.5075E-03
-115.4000E-03,-522.6131E-03
-115.1500E-03,-522.6131E-03
-114.9000E-03,-522.6131E-03
-114.6500E-03,-522.6131E-03
-114.4000E-03,-522.6131E-03
-114.1500E-03,-562.8141E-03
-113.9000E-03,-483.6683E-03
-113.6500E-03,-511.3065E-03
-113.4000E-03,-503.7688E-03
-113.1500E-03,-554.0201E-03
-112.9000E-03,-522.6131E-03
-112.6500E-03,-551.5075E-03
-112.4000E-03,-522.6131E-03
-112.1500E-03,-491.2060E-03
-111.9000E-03,-483.6683E-03
-111.6500E-03,-522.6131E-03
-111.4000E-03,-520.1005E-03
-111.1500E-03,-562.8141E-03
-110.9000E-03,-562.8141E-03
-110.6500E-03,-551.5075E-03
-110.4000E-03,-501.2563E-03
-110.1500E-03,-562.8141E-03
-109.9000E-03,-522.6131E-03
-109.6500E-03,-551.5075E-03
-109.4000E-03,-522.6131E-03
-109.1500E-03,-562.8141E-03
-108.9000E-03,-523.8693E-03
-108.6500E-03,-493.7186E-03
-108.4000E-03,-525.1256E-03
-108.1500E-03,-482.4121E-03
-107.9000E-03,-560.3015E-03
-107.6500E-03,-551.5075E-03
-107.4000E-03,-543.9698E-03
-107.1500E-03,-522.6131E-03
-106.9000E-03,-561.5578E-03
-106.6500E-03,-533.9196E-03
-106.4000E-03,-522.6131E-03
-106.1500E-03,-500.0000E-03
-105.9000E-03,-523.8693E-03
-105.6500E-03,-522.6131E-03
-105.4000E-03,-541.4573E-03
-105.1500E-03,-554.0201E-03
-104.9000E-03,-522.6131E-03
-104.6500E-03,-493.7186E-03
-104.4000E-03,-522.6131E-03
-104.1500E-03,-531.4070E-03
-103.9000E-03,-483.6683E-03
-103.6500E-03,-522.6131E-03
-103.4000E-03,-522.6131E-03
-103.1500E-03,-513.8191E-03
-102.9000E-03,-522.6131E-03
-102.6500E-03,-493.7186E-03
-102.4000E-03,-503.7688E-03
-102.1500E-03,-513.8191E-03
-101.9000E-03,-483.6683E-03
-101.6500E-03,-522.6131E-03
-101.4000E-03,-522.6131E-03
-101.1500E-03,-491.2060E-03
-100.9000E-03,-561.5578E-03
-100.6500E-03,-522.6131E-03
-100.4000E-03,-522.6131E-03
-100.1500E-03,-531.4070E-03
-99.9000E-03,-522.6131E-03
-99.6500E-03,-551.5075E-03
-99.4000E-03,-501.2563E-03
-99.1500E-03,-513.8191E-03
-98.9000E-03,-522.6131E-03
-98.6500E-03,-522.6131E-03
-98.4000E-03,-522.6131E-03
-98.1500E-03,-522.6131E-03
-97.9000E-03,-522.6131E-03
-97.6500E-03,-522.6131E-03
-97.4000E-03,-522.6131E-03
-97.1500E-03,-554.0201E-03
-96.9000E-03,-561.5578E-03
-96.6500E-03,-493.7186E-03
-96.4000E-03,-522.6131E-03
-96.1500E-03,-531.4070E-03
-95.9000E-03,-523.8693E-03
-95.6500E-03,-522.6131E-03
-95.4000E-03,-522.6131E-03
-95.1500E-03,-522.6131E-03
-94.9000E-03,-521.3568E-03
-94.6500E-03,-551.5075E-03
-94.4000E-03,-522.6131E-03
-94.1500E-03,-522.6131E-03
-93.9000E-03,-483.6683E-03
-93.6500E-03,-540.2010E-03
-93.4000E-03,-543.9698E-03
-93.1500E-03,-522.6131E-03
-92.9000E-03,-483.6683E-03
-92.6500E-03,-551.5075E-03
-92.4000E-03,-522.6131E-03
-92.1500E-03,-491.2060E-03
-91.9000E-03,-522.6131E-03
-91.6500E-03,-493.7186E-03
-91.4000E-03,-482.4121E-03
-91.1500E-03,-522.6131E-03
-90.9000E-03,-562.8141E-03
-90.6500E-03,-482.4121E-03
-90.4000E-03,-541.4573E-03
-90.1500E-03,-522.6131E-03
-89.9000E-03,-521.3568E-03
-89.6500E-03,-522.6131E-03
-89.4000E-03,-503.7688E-03
-89.1500E-03,-576.6332E-03
-88.9000E-03,-522.6131E-03
-88.6500E-03,-522.6131E-03
-88.4000E-03,-501.2563E-03
-88.1500E-03,-522.6131E-03
-87.9000E-03,-522.6131E-03
-87.6500E-03,-522.6131E-03
-87.4000E-03,-522.6131E-03
-87.1500E-03,-522.6131E-03
-86.9000E-03,-561.5578E-03
-86.6500E-03,-522.6131E-03
-86.4000E-03,-503.7688E-03
-86.1500E-03,-522.6131E-03
-85.9000E-03,-561.5578E-03
-85.6500E-03,-493.7186E-03
-85.4000E-03,-543.9698E-03
-85.1500E-03,-500.0000E-03
-84.9000E-03,-522.6131E-03
-84.6500E-03,-493.7186E-03
-84.4000E-03,-543.9698E-03
-84.1500E-03,-482.4121E-03
-83.9000E-03,-522.6131E-03
-83.6500E-03,-522.6131E-03
-83.4000E-03,-522.6131E-03
-83.1500E-03,-522.6131E-03
-82.9000E-03,-482.4121E-03
-82.6500E-03,-562.8141E-03
-82.4000E-03,-522.6131E-03
-82.1500E-03,-513.8191E-03
-81.9000E-03,-522.6131E-03
-81.6500E-03,-522.6131E-03
-81.4000E-03,-541.4573E-03
-81.1500E-03,-513.8191E-03
-80.9000E-03,-483.6683E-03
-80.6500E-03,-511.3065E-03
-80.4000E-03,-503.7688E-03
-80.1500E-03,-513.8191E-03
-79.9000E-03,-522.6131E-03
-79.6500E-03,-522.6131E-03
-79.4000E-03,-501.2563E-03
-79.1500E-03,-522.6131E-03
-78.9000E-03,-522.6131E-03
-78.6500E-03,-533.9196E-03
-78.4000E-03,-482.4121E-03
-78.1500E-03,-482.4121E-03
-77.9000E-03,-482.4121E-03
-77.6500E-03,-522.6131E-03
-77.4000E-03,-525.1256E-03
-77.1500E-03,-491.2060E-03
-76.9000E-03,-521.3568E-03
-76.6500E-03,-522.6131E-03
-76.4000E-03,-522.6131E-03
-76.1500E-03,-491.2060E-03
-75.9000E-03,-521.3568E-03
-75.6500E-03,-493.7186E-03
-75.4000E-03,-543.9698E-03
-75.1500E-03,-491.2060E-03
-74.9000E-03,-522.6131E-03
-74.6500E-03,-522.6131E-03
-74.4000E-03,-501.2563E-03
-74.1500E-03,-491.2060E-03
-73.9000E-03,-522.6131E-03
-73.6500E-03,-522.6131E-03
-73.4000E-03,-522.6131E-03
-73.1500E-03,-482.4121E-03
-72.9000E-03,-522.6131E-03
-72.6500E-03,-482.4121E-03
-72.4000E-03,-522.6131E-03
-72.1500E-03,-522.6131E-03
-71.9000E-03,-521.3568E-03
-71.6500E-03,-522.6131E-03
-71.4000E-03,-503.7688E-03
-71.1500E-03,-522.6131E-03
-70.9000E-03,-521.3568E-03
-70.6500E-03,-482.4121E-03
-70.4000E-03,-543.9698E-03
-70.1500E-03,-531.4070E-03
-69.9000E-03,-522.6131E-03
-69.6500E-03,-551.5075E-03
-69.4000E-03,-522.6131E-03
-69.1500E-03,-522.6131E-03
-68.9000E-03,-483.6683E-03
-68.6500E-03,-493.7186E-03
-68.4000E-03,-543.9698E-03
-68.1500E-03,-531.4070E-03
-67.9000E-03,-522.6131E-03
-67.6500E-03,-522.6131E-03
-67.4000E-03,-522.6131E-03
-67.1500E-03,-522.6131E-03
-66.9000E-03,-522.6131E-03
-66.6500E-03,-522.6131E-03
-66.4000E-03,-501.2563E-03
-66.1500E-03,-491.2060E-03
-65.9000E-03,-483.6683E-03
-65.6500E-03,-522.6131E-03
-65.4000E-03,-503.7688E-03
-65.1500E-03,-531.4070E-03
-64.9000E-03,-522.6131E-03
-64.6500E-03,-522.6131E-03
-64.4000E-03,-522.6131E-03
-64.1500E-03,-491.2060E-03
-63.9000E-03,-522.6131E-03
-63.6500E-03,-551.5075E-03
-63.4000E-03,-522.6131E-03
-63.1500E-03,-522.6131E-03
-62.9000E-03,-522.6131E-03
-62.6500E-03,-533.9196E-03
-62.4000E-03,-522.6131E-03
-62.1500E-03,-522.6131E-03
-61.9000E-03,-522.6131E-03
-61.6500E-03,-522.6131E-03
-61.4000E-03,-522.6131E-03
-61.1500E-03,-522.6131E-03
-60.9000E-03,-521.3568E-03
-60.6500E-03,-522.6131E-03
-60.4000E-03,-522.6131E-03
-60.1500E-03,-531.4070E-03
-59.9000E-03,-561.5578E-03
-59.6500E-03,-493.7186E-03
-59.4000E-03,-522.6131E-03
-59.1500E-03,-522.6131E-03
-58.9000E-03,-522.6131E-03
-58.6500E-03,-511.3065E-03
-58.4000E-03,-520.1005E-03
-58.1500E-03,-522.6131E-03
-57.9000E-03,-521.3568E-03
-57.6500E-03,-522.6131E-03
-57.4000E-03,-482.4121E-03
-57.1500E-03,-554.0201E-03
-56.9000E-03,-484.9246E-03
-56.6500E-03,-522.6131E-03
-56.4000E-03,-503.7688E-03
-56.1500E-03,-491.2060E-03
-55.9000E-03,-521.3568E-03
-55.6500E-03,-540.2010E-03
-55.4000E-03,-541.4573E-03
-55.1500E-03,-491.2060E-03
-54.9000E-03,-561.5578E-03
-54.6500E-03,-511.3065E-03
-54.4000E-03,-522.6131E-03
-54.1500E-03,-491.2060E-03
-53.9000E-03,-561.5578E-03
-53.6500E-03,-522.6131E-03
-53.4000E-03,-503.7688E-03
-53.1500E-03,-513.8191E-03
-52.9000E-03,-522.6131E-03
-52.6500E-03,-522.6131E-03
-52.4000E-03,-503.7688E-03
-52.1500E-03,-522.6131E-03
-51.9000E-03,-522.6131E-03
-51.6500E-03,-511.3065E-03
-51.4000E-03,-541.4573E-03
-51.1500E-03,-491.2060E-03
-50.9000E-03,-522.6131E-03
-50.6500E-03,-505.0251E-03
-50.4000E-03,-503.7688E-03
-50.1500E-03,-522.6131E-03
-49.9000E-03,-522.6131E-03
-49.6500E-03,-505.0251E-03
-49.4000E-03,-522.6131E-03
-49.1500E-03,-491.2060E-03
-48.9000E-03,-522.6131E-03
-48.6500E-03,-511.3065E-03
-48.4000E-03,-522.6131E-03
-48.1500E-03,-531.4070E-03
-47.9000E-03,-523.8693E-03
-47.6500E-03,-493.7186E-03
-47.4000E-03,-522.6131E-03
-47.1500E-03,-513.8191E-03
-46.9000E-03,-522.6131E-03
-46.6500E-03,-551.5075E-03
-46.4000E-03,-503.7688E-03
-46.1500E-03,-522.6131E-03
-45.9000E-03,-522.6131E-03
-45.6500E-03,-522.6131E-03
-45.4000E-03,-522.6131E-03
-45.1500E-03,-513.8191E-03
-44.9000E-03,-522.6131E-03
-44.6500E-03,-522.6131E-03
-44.4000E-03,-522.6131E-03
-44.1500E-03,-522.6131E-03
-43.9000E-03,-482.4121E-03
-43.6500E-03,-522.6131E-03
-43.4000E-03,-522.6131E-03
-43.1500E-03,-522.6131E-03
-42.9000E-03,-522.6131E-03
-42.6500E-03,-522.6131E-03
-42.4000E-03,-503.7688E-03
-42.1500E-03,-522.6131E-03
-41.9000E-03,-523.8693E-03
-41.6500E-03,-540.2010E-03
-41.4000E-03,-543.9698E-03
-41.1500E-03,-522.6131E-03
-40.9000E-03,-522.6131E-03
-40.6500E-03,-482.4121E-03
-40.4000E-03,-501.2563E-03
-40.1500E-03,-522.6131E-03
-39.9000E-03,-483.6683E-03
-39.6500E-03,-522.6131E-03
-39.4000E-03,-522.6131E-03
-39.1500E-03,-522.6131E-03
-38.9000E-03,-483.6683E-03
-38.6500E-03,-533.9196E-03
-38.4000E-03,-501.2563E-03
-38.1500E-03,-522.6131E-03
-37.9000E-03,-560.3015E-03
-37.6500E-03,-540.2010E-03
-37.4000E-03,-522.6131E-03
-37.1500E-03,-522.6131E-03
-36.9000E-03,-522.6131E-03
-36.6500E-03,-493.7186E-03
-36.4000E-03,-543.9698E-03
-36.1500E-03,-491.2060E-03
-35.9000E-03,-522.6131E-03
-35.6500E-03,-551.5075E-03
-35.4000E-03,-522.6131E-03
-35.1500E-03,-562.8141E-03
-34.9000E-03,-521.3568E-03
-34.6500E-03,-551.5075E-03
-34.4000E-03,-541.4573E-03
-34.1500E-03,-491.2060E-03
-33.9000E-03,-523.8693E-03
-33.6500E-03,-522.6131E-03
-33.4000E-03,-522.6131E-03
-33.1500E-03,-531.4070E-03
-32.9000E-03,-483.6683E-03
-32.6500E-03,-522.6131E-03
-32.4000E-03,-522.6131E-03
-32.1500E-03,-554.0201E-03
-31.9000E-03,-523.8693E-03
-31.6500E-03,-511.3065E-03
-31.4000E-03,-503.7688E-03
-31.1500E-03,-522.6131E-03
-30.9000E-03,-521.3568E-03
-30.6500E-03,-522.6131E-03
-30.4000E-03,-522.6131E-03
-30.1500E-03,-491.2060E-03
-29.9000E-03,-483.6683E-03
-29.6500E-03,-511.3065E-03
-29.4000E-03,-522.6131E-03
-29.1500E-03,-522.6131E-03
-28.9000E-03,-523.8693E-03
-28.6500E-03,-511.3065E-03
-28.4000E-03,-501.2563E-03
-28.1500E-03,-513.8191E-03
-27.9000E-03,-560.3015E-03
-27.6500E-03,-533.9196E-03
-27.4000E-03,-522.6131E-03
-27.1500E-03,-513.8191E-03
-26.9000E-03,-482.4121E-03
-26.6500E-03,-522.6131E-03
-26.4000E-03,-522.6131E-03
-26.1500E-03,-491.2060E-03
-25.9000E-03,-522.6131E-03
-25.6500E-03,-493.7186E-03
-25.4000E-03,-522.6131E-03
-25.1500E-03,-522.6131E-03
-24.9000E-03,-522.6131E-03
-24.6500E-03,-522.6131E-03
-24.4000E-03,-522.6131E-03
-24.1500E-03,-522.6131E-03
-23.9000E-03,-522.6131E-03
-23.6500E-03,-522.6131E-03
-23.4000E-03,-522.6131E-03
-23.1500E-03,-522.6131E-03
-22.9000E-03,-522.6131E-03
-22.6500E-03,-493.7186E-03
-22.4000E-03,-522.6131E-03
-22.1500E-03,-522.6131E-03
-21.9000E-03,-522.6131E-03
-21.6500E-03,-533.9196E-03
-21.4000E-03,-503.7688E-03
-21.1500E-03,-531.4070E-03
-20.9000E-03,-522.6131E-03
-20.6500E-03,-533.9196E-03
-20.4000E-03,-543.9698E-03
-20.1500E-03,-554.0201E-03
-19.9000E-03,-483.6683E-03
-19.6500E-03,-551.5075E-03
-19.4000E-03,-541.4573E-03
-19.1500E-03,-522.6131E-03
-18.9000E-03,-522.6131E-03
-18.6500E-03,-522.6131E-03
-18.4000E-03,-503.7688E-03
-18.1500E-03,-513.8191E-03
-17.9000E-03,-522.6131E-03
-17.6500E-03,-511.3065E-03
-17.4000E-03,-522.6131E-03
-17.1500E-03,-522.6131E-03
-16.9000E-03,-522.6131E-03
-16.6500E-03,-493.7186E-03
-16.4000E-03,-522.6131E-03
-16.1500E-03,-491.2060E-03
-15.9000E-03,-522.6131E-03
-15.6500E-03,-511.3065E-03
-15.4000E-03,-522.6131E-03
-15.1500E-03,-513.8191E-03
-14.9000E-03,-523.8693E-03
-14.6500E-03,-505.0251E-03
-14.4000E-03,-501.2563E-03
-14.1500E-03,-522.6131E-03
-13.9000E-03,-522.6131E-03
-13.6500E-03,-522.6131E-03
-13.4000E-03,-503.7688E-03
-13.1500E-03,-522.6131E-03
-12.9000E-03,-522.6131E-03
-12.6500E-03,-533.9196E-03
-12.4000E-03,-522.6131E-03
-12.1500E-03,-491.2060E-03
-11.9000E-03,-522.6131E-03
-11.6500E-03,-522.6131E-03
-11.4000E-03,-522.6131E-03
-11.1500E-03,-513.8191E-03
-10.9000E-03,-561.5578E-03
-10.6500E-03,-522.6131E-03
-10.4000E-03,-522.6131E-03
-10.1500E-03,-491.2060E-03
-9.9000E-03,-523.8693E-03
-9.6500E-03,-562.8141E-03
-9.4000E-03,-522.6131E-03
-9.1500E-03,-531.4070E-03
-8.9000E-03,-522.6131E-03
-8.6500E-03,-522.6131E-03
-8.4000E-03,-522.6131E-03
-8.1500E-03,-554.0201E-03
-7.9000E-03,-522.6131E-03
-7.6500E-03,-533.9196E-03
-7.4000E-03,-522.6131E-03
-7.1500E-03,-522.6131E-03
-6.9000E-03,-483.6683E-03
-6.6500E-03,-533.9196E-03
-6.4000E-03,-501.2563E-03
-6.1500E-03,-482.4121E-03
-5.9000E-03,-522.6131E-03
-5.6500E-03,-522.6131E-03
-5.4000E-03,-541.4573E-03
-5.1500E-03,-513.8191E-03
-4.9000E-03,-522.6131E-03
-4.6500E-03,-522.6131E-03
-4.4000E-03,-503.7688E-03
-4.1500E-03,-522.6131E-03
-3.9000E-03,-561.5578E-03
-3.6500E-03,-511.3065E-03
-3.4000E-03,-522.6131E-03
-3.1500E-03,-531.4070E-03
-2.9000E-03,-522.6131E-03
-2.6500E-03,-522.6131E-03
-2.4000E-03,-543.9698E-03
-2.1500E-03,-522.6131E-03
-1.9000E-03,-562.8141E-03
-1.6500E-03,-522.6131E-03
-1.4000E-03,-522.6131E-03
-1.1500E-03,-522.6131E-03
-900.0E-06,-561.5578E-03
-650.0E-06,-493.7186E-03
-400.0E-06,-522.6131E-03
-150.0E-06,-522.6131E-03
+100.0E-06,-522.6131E-03
+350.0E-06,-533.9196E-03
+600.0E-06,-501.2563E-03
+850.0E-06,-522.6131E-03
+1.1000E-03,-522.6131E-03
+1.3500E-03,-511.3065E-03
+1.6000E-03,-522.6131E-03
+1.8500E-03,-491.2060E-03
+2.1000E-03,-522.6131E-03
+2.3500E-03,-533.9196E-03
+2.6000E-03,-503.7688E-03
+2.8500E-03,-522.6131E-03
+3.1000E-03,-522.6131E-03
+3.3500E-03,-551.5075E-03
+3.6000E-03,-541.4573E-03
+3.8500E-03,-513.8191E-03
+4.1000E-03,-522.6131E-03
+4.3500E-03,-522.6131E-03
+4.6000E-03,-543.9698E-03
+4.8500E-03,-522.6131E-03
+5.1000E-03,-522.6131E-03
+5.3500E-03,-533.9196E-03
+5.6000E-03,-543.9698E-03
+5.8500E-03,-531.4070E-03
+6.1000E-03,-522.6131E-03
+6.3500E-03,-533.9196E-03
+6.6000E-03,-543.9698E-03
+6.8500E-03,-522.6131E-03
+7.1000E-03,-483.6683E-03
+7.3500E-03,-533.9196E-03
+7.6000E-03,-543.9698E-03
+7.8500E-03,-562.8141E-03
+8.1000E-03,-522.6131E-03
+8.3500E-03,-562.8141E-03
+8.6000E-03,-541.4573E-03
+8.8500E-03,-522.6131E-03
+9.1000E-03,-523.8693E-03
+9.3500E-03,-522.6131E-03
+9.6000E-03,-522.6131E-03
+9.8500E-03,-531.4070E-03
+10.1000E-03,-561.5578E-03
+10.3500E-03,-511.3065E-03
+10.6000E-03,-522.6131E-03
+10.8500E-03,-531.4070E-03
+11.1000E-03,-561.5578E-03
+11.3500E-03,-493.7186E-03
+11.6000E-03,-503.7688E-03
+11.8500E-03,-491.2060E-03
+12.1000E-03,-522.6131E-03
+12.3500E-03,-522.6131E-03
+12.6000E-03,-543.9698E-03
+12.8500E-03,-513.8191E-03
+13.1000E-03,-522.6131E-03
+13.3500E-03,-533.9196E-03
+13.6000E-03,-522.6131E-03
+13.8500E-03,-562.8141E-03
+14.1000E-03,-561.5578E-03
+14.3500E-03,-522.6131E-03
+14.6000E-03,-543.9698E-03
+14.8500E-03,-513.8191E-03
+15.1000E-03,-561.5578E-03
+15.3500E-03,-522.6131E-03
+15.6000E-03,-562.8141E-03
+15.8500E-03,-531.4070E-03
+16.1000E-03,-523.8693E-03
+16.3500E-03,-522.6131E-03
+16.6000E-03,-522.6131E-03
+16.8500E-03,-522.6131E-03
+17.1000E-03,-522.6131E-03
+17.3500E-03,-522.6131E-03
+17.6000E-03,-522.6131E-03
+17.8500E-03,-531.4070E-03
+18.1000E-03,-523.8693E-03
+18.3500E-03,-562.8141E-03
+18.6000E-03,-541.4573E-03
+18.8500E-03,-522.6131E-03
+19.1000E-03,-521.3568E-03
+19.3500E-03,-533.9196E-03
+19.6000E-03,-522.6131E-03
+19.8500E-03,-522.6131E-03
+20.1000E-03,-522.6131E-03
+20.3500E-03,-522.6131E-03
+20.6000E-03,-522.6131E-03
+20.8500E-03,-545.2261E-03
+21.1000E-03,-521.3568E-03
+21.3500E-03,-551.5075E-03
+21.6000E-03,-503.7688E-03
+21.8500E-03,-513.8191E-03
+22.1000E-03,-523.8693E-03
+22.3500E-03,-522.6131E-03
+22.6000E-03,-522.6131E-03
+22.8500E-03,-513.8191E-03
+23.1000E-03,-484.9246E-03
+23.3500E-03,-562.8141E-03
+23.6000E-03,-520.1005E-03
+23.8500E-03,-531.4070E-03
+24.1000E-03,-483.6683E-03
+24.3500E-03,-493.7186E-03
+24.6000E-03,-522.6131E-03
+24.8500E-03,-522.6131E-03
+25.1000E-03,-484.9246E-03
+25.3500E-03,-562.8141E-03
+25.6000E-03,-525.1256E-03
+25.8500E-03,-522.6131E-03
+26.1000E-03,-522.6131E-03
+26.3500E-03,-522.6131E-03
+26.6000E-03,-522.6131E-03
+26.8500E-03,-562.8141E-03
+27.1000E-03,-561.5578E-03
+27.3500E-03,-533.9196E-03
+27.6000E-03,-522.6131E-03
+27.8500E-03,-513.8191E-03
+28.1000E-03,-522.6131E-03
+28.3500E-03,-533.9196E-03
+28.6000E-03,-522.6131E-03
+28.8500E-03,-554.0201E-03
+29.1000E-03,-522.6131E-03
+29.3500E-03,-522.6131E-03
+29.6000E-03,-522.6131E-03
+29.8500E-03,-522.6131E-03
+30.1000E-03,-521.3568E-03
+30.3500E-03,-522.6131E-03
+30.6000E-03,-565.3266E-03
+30.8500E-03,-522.6131E-03
+31.1000E-03,-523.8693E-03
+31.3500E-03,-533.9196E-03
+31.6000E-03,-541.4573E-03
+31.8500E-03,-531.4070E-03
+32.1000E-03,-522.6131E-03
+32.3500E-03,-522.6131E-03
+32.6000E-03,-522.6131E-03
+32.8500E-03,-531.4070E-03
+33.1000E-03,-522.6131E-03
+33.3500E-03,-522.6131E-03
+33.6000E-03,-522.6131E-03
+33.8500E-03,-522.6131E-03
+34.1000E-03,-483.6683E-03
+34.3500E-03,-522.6131E-03
+34.6000E-03,-543.9698E-03
+34.8500E-03,-513.8191E-03
+35.1000E-03,-562.8141E-03
+35.3500E-03,-511.3065E-03
+35.6000E-03,-522.6131E-03
+35.8500E-03,-522.6131E-03
+36.1000E-03,-561.5578E-03
+36.3500E-03,-522.6131E-03
+36.6000E-03,-546.4824E-03
+36.8500E-03,-522.6131E-03
+37.1000E-03,-484.9246E-03
+37.3500E-03,-511.3065E-03
+37.6000E-03,-522.6131E-03
+37.8500E-03,-562.8141E-03
+38.1000E-03,-522.6131E-03
+38.3500E-03,-522.6131E-03
+38.6000E-03,-543.9698E-03
+38.8500E-03,-522.6131E-03
+39.1000E-03,-521.3568E-03
+39.3500E-03,-522.6131E-03
+39.6000E-03,-541.4573E-03
+39.8500E-03,-522.6131E-03
+40.1000E-03,-560.3015E-03
+40.3500E-03,-522.6131E-03
+40.6000E-03,-560.3015E-03
+40.8500E-03,-522.6131E-03
+41.1000E-03,-561.5578E-03
+41.3500E-03,-551.5075E-03
+41.6000E-03,-522.6131E-03
+41.8500E-03,-562.8141E-03
+42.1000E-03,-523.8693E-03
+42.3500E-03,-533.9196E-03
+42.6000E-03,-543.9698E-03
+42.8500E-03,-513.8191E-03
+43.1000E-03,-482.4121E-03
+43.3500E-03,-522.6131E-03
+43.6000E-03,-541.4573E-03
+43.8500E-03,-522.6131E-03
+44.1000E-03,-561.5578E-03
+44.3500E-03,-522.6131E-03
+44.6000E-03,-541.4573E-03
+44.8500E-03,-491.2060E-03
+45.1000E-03,-483.6683E-03
+45.3500E-03,-522.6131E-03
+45.6000E-03,-522.6131E-03
+45.8500E-03,-522.6131E-03
+46.1000E-03,-522.6131E-03
+46.3500E-03,-551.5075E-03
+46.6000E-03,-522.6131E-03
+46.8500E-03,-531.4070E-03
+47.1000E-03,-483.6683E-03
+47.3500E-03,-511.3065E-03
+47.6000E-03,-541.4573E-03
+47.8500E-03,-554.0201E-03
+48.1000E-03,-522.6131E-03
+48.3500E-03,-511.3065E-03
+48.6000E-03,-501.2563E-03
+48.8500E-03,-491.2060E-03
+49.1000E-03,-522.6131E-03
+49.3500E-03,-522.6131E-03
+49.6000E-03,-543.9698E-03
+49.8500E-03,-554.0201E-03
+50.1000E-03,-522.6131E-03
+50.3500E-03,-533.9196E-03
+50.6000E-03,-522.6131E-03
+50.8500E-03,-491.2060E-03
+51.1000E-03,-522.6131E-03
+51.3500E-03,-533.9196E-03
+51.6000E-03,-543.9698E-03
+51.8500E-03,-545.2261E-03
+52.1000E-03,-522.6131E-03
+52.3500E-03,-533.9196E-03
+52.6000E-03,-541.4573E-03
+52.8500E-03,-522.6131E-03
+53.1000E-03,-561.5578E-03
+53.3500E-03,-522.6131E-03
+53.6000E-03,-522.6131E-03
+53.8500E-03,-554.0201E-03
+54.1000E-03,-522.6131E-03
+54.3500E-03,-505.0251E-03
+54.6000E-03,-522.6131E-03
+54.8500E-03,-554.0201E-03
+55.1000E-03,-523.8693E-03
+55.3500E-03,-493.7186E-03
+55.6000E-03,-541.4573E-03
+55.8500E-03,-531.4070E-03
+56.1000E-03,-561.5578E-03
+56.3500E-03,-533.9196E-03
+56.6000E-03,-562.8141E-03
+56.8500E-03,-522.6131E-03
+57.1000E-03,-522.6131E-03
+57.3500E-03,-522.6131E-03
+57.6000E-03,-522.6131E-03
+57.8500E-03,-531.4070E-03
+58.1000E-03,-521.3568E-03
+58.3500E-03,-493.7186E-03
+58.6000E-03,-522.6131E-03
+58.8500E-03,-522.6131E-03
+59.1000E-03,-522.6131E-03
+59.3500E-03,-551.5075E-03
+59.6000E-03,-522.6131E-03
+59.8500E-03,-545.2261E-03
+60.1000E-03,-521.3568E-03
+60.3500E-03,-493.7186E-03
+60.6000E-03,-522.6131E-03
+60.8500E-03,-522.6131E-03
+61.1000E-03,-483.6683E-03
+61.3500E-03,-562.8141E-03
+61.6000E-03,-541.4573E-03
+61.8500E-03,-522.6131E-03
+62.1000E-03,-522.6131E-03
+62.3500E-03,-522.6131E-03
+62.6000E-03,-522.6131E-03
+62.8500E-03,-531.4070E-03
+63.1000E-03,-523.8693E-03
+63.3500E-03,-551.5075E-03
+63.6000E-03,-522.6131E-03
+63.8500E-03,-522.6131E-03
+64.1000E-03,-522.6131E-03
+64.3500E-03,-533.9196E-03
+64.6000E-03,-541.4573E-03
+64.8500E-03,-522.6131E-03
+65.1000E-03,-521.3568E-03
+65.3500E-03,-522.6131E-03
+65.6000E-03,-503.7688E-03
+65.8500E-03,-531.4070E-03
+66.1000E-03,-523.8693E-03
+66.3500E-03,-551.5075E-03
+66.6000E-03,-543.9698E-03
+66.8500E-03,-522.6131E-03
+67.1000E-03,-523.8693E-03
+67.3500E-03,-511.3065E-03
+67.6000E-03,-503.7688E-03
+67.8500E-03,-554.0201E-03
+68.1000E-03,-523.8693E-03
+68.3500E-03,-522.6131E-03
+68.6000E-03,-543.9698E-03
+68.8500E-03,-522.6131E-03
+69.1000E-03,-561.5578E-03
+69.3500E-03,-522.6131E-03
+69.6000E-03,-522.6131E-03
+69.8500E-03,-500.0000E-03
+70.1000E-03,-522.6131E-03
+70.3500E-03,-551.5075E-03
+70.6000E-03,-522.6131E-03
+70.8500E-03,-522.6131E-03
+71.1000E-03,-522.6131E-03
+71.3500E-03,-511.3065E-03
+71.6000E-03,-541.4573E-03
+71.8500E-03,-522.6131E-03
+72.1000E-03,-561.5578E-03
+72.3500E-03,-522.6131E-03
+72.6000E-03,-522.6131E-03
+72.8500E-03,-522.6131E-03
+73.1000E-03,-523.8693E-03
+73.3500E-03,-511.3065E-03
+73.6000E-03,-522.6131E-03
+73.8500E-03,-531.4070E-03
+74.1000E-03,-482.4121E-03
+74.3500E-03,-533.9196E-03
+74.6000E-03,-522.6131E-03
+74.8500E-03,-522.6131E-03
+75.1000E-03,-521.3568E-03
+75.3500E-03,-493.7186E-03
+75.6000E-03,-503.7688E-03
+75.8500E-03,-491.2060E-03
+76.1000E-03,-522.6131E-03
+76.3500E-03,-540.2010E-03
+76.6000E-03,-543.9698E-03
+76.8500E-03,-491.2060E-03
+77.1000E-03,-483.6683E-03
+77.3500E-03,-493.7186E-03
+77.6000E-03,-522.6131E-03
+77.8500E-03,-522.6131E-03
+78.1000E-03,-560.3015E-03
+78.3500E-03,-522.6131E-03
+78.6000E-03,-543.9698E-03
+78.8500E-03,-522.6131E-03
+79.1000E-03,-561.5578E-03
+79.3500E-03,-482.4121E-03
+79.6000E-03,-522.6131E-03
+79.8500E-03,-522.6131E-03
+80.1000E-03,-561.5578E-03
+80.3500E-03,-522.6131E-03
+80.6000E-03,-520.1005E-03
+80.8500E-03,-500.0000E-03
+81.1000E-03,-523.8693E-03
+81.3500E-03,-533.9196E-03
+81.6000E-03,-541.4573E-03
+81.8500E-03,-554.0201E-03
+82.1000E-03,-561.5578E-03
+82.3500E-03,-522.6131E-03
+82.6000E-03,-501.2563E-03
+82.8500E-03,-522.6131E-03
+83.1000E-03,-483.6683E-03
+83.3500E-03,-522.6131E-03
+83.6000E-03,-522.6131E-03
+83.8500E-03,-531.4070E-03
+84.1000E-03,-523.8693E-03
+84.3500E-03,-522.6131E-03
+84.6000E-03,-522.6131E-03
+84.8500E-03,-522.6131E-03
+85.1000E-03,-522.6131E-03
+85.3500E-03,-493.7186E-03
+85.6000E-03,-522.6131E-03
+85.8500E-03,-522.6131E-03
+86.1000E-03,-522.6131E-03
+86.3500E-03,-482.4121E-03
+86.6000E-03,-503.7688E-03
+86.8500E-03,-522.6131E-03
+87.1000E-03,-523.8693E-03
+87.3500E-03,-522.6131E-03
+87.6000E-03,-522.6131E-03
+87.8500E-03,-531.4070E-03
+88.1000E-03,-522.6131E-03
+88.3500E-03,-551.5075E-03
+88.6000E-03,-503.7688E-03
+88.8500E-03,-522.6131E-03
+89.1000E-03,-522.6131E-03
+89.3500E-03,-522.6131E-03
+89.6000E-03,-562.8141E-03
+89.8500E-03,-545.2261E-03
+90.1000E-03,-523.8693E-03
+90.3500E-03,-551.5075E-03
+90.6000E-03,-541.4573E-03
+90.8500E-03,-513.8191E-03
+91.1000E-03,-523.8693E-03
+91.3500E-03,-522.6131E-03
+91.6000E-03,-543.9698E-03
+91.8500E-03,-554.0201E-03
+92.1000E-03,-522.6131E-03
+92.3500E-03,-522.6131E-03
+92.6000E-03,-543.9698E-03
+92.8500E-03,-554.0201E-03
+93.1000E-03,-522.6131E-03
+93.3500E-03,-551.5075E-03
+93.6000E-03,-522.6131E-03
+93.8500E-03,-500.0000E-03
+94.1000E-03,-522.6131E-03
+94.3500E-03,-522.6131E-03
+94.6000E-03,-522.6131E-03
+94.8500E-03,-545.2261E-03
+95.1000E-03,-522.6131E-03
+95.3500E-03,-493.7186E-03
+95.6000E-03,-522.6131E-03
+95.8500E-03,-545.2261E-03
+96.1000E-03,-482.4121E-03
+96.3500E-03,-551.5075E-03
+96.6000E-03,-522.6131E-03
+96.8500E-03,-522.6131E-03
+97.1000E-03,-522.6131E-03
+97.3500E-03,-533.9196E-03
+97.6000E-03,-522.6131E-03
+97.8500E-03,-522.6131E-03
+98.1000E-03,-561.5578E-03
+98.3500E-03,-522.6131E-03
+98.6000E-03,-503.7688E-03
+98.8500E-03,-522.6131E-03
+99.1000E-03,-522.6131E-03
+99.3500E-03,-522.6131E-03
+99.6000E-03,-541.4573E-03
+99.8500E-03,-531.4070E-03
+100.1000E-03,-561.5578E-03
+100.3500E-03,-522.6131E-03
+100.6000E-03,-522.6131E-03
+100.8500E-03,-513.8191E-03
+101.1000E-03,-562.8141E-03
+101.3500E-03,-562.8141E-03
+101.6000E-03,-522.6131E-03
+101.8500E-03,-545.2261E-03
+102.1000E-03,-561.5578E-03
+102.3500E-03,-522.6131E-03
+102.6000E-03,-522.6131E-03
+102.8500E-03,-522.6131E-03
+103.1000E-03,-521.3568E-03
+103.3500E-03,-522.6131E-03
+103.6000E-03,-522.6131E-03
+103.8500E-03,-522.6131E-03
+104.1000E-03,-561.5578E-03
+104.3500E-03,-591.7085E-03
+104.6000E-03,-503.7688E-03
+104.8500E-03,-522.6131E-03
+105.1000E-03,-522.6131E-03
+105.3500E-03,-522.6131E-03
+105.6000E-03,-501.2563E-03
+105.8500E-03,-491.2060E-03
+106.1000E-03,-522.6131E-03
+106.3500E-03,-533.9196E-03
+106.6000E-03,-541.4573E-03
+106.8500E-03,-522.6131E-03
+107.1000E-03,-522.6131E-03
+107.3500E-03,-522.6131E-03
+107.6000E-03,-503.7688E-03
+107.8500E-03,-554.0201E-03
+108.1000E-03,-522.6131E-03
+108.3500E-03,-551.5075E-03
+108.6000E-03,-541.4573E-03
+108.8500E-03,-513.8191E-03
+109.1000E-03,-561.5578E-03
+109.3500E-03,-511.3065E-03
+109.6000E-03,-522.6131E-03
+109.8500E-03,-491.2060E-03
+110.1000E-03,-523.8693E-03
+110.3500E-03,-522.6131E-03
+110.6000E-03,-522.6131E-03
+110.8500E-03,-513.8191E-03
+111.1000E-03,-522.6131E-03
+111.3500E-03,-493.7186E-03
+111.6000E-03,-541.4573E-03
+111.8500E-03,-522.6131E-03
+112.1000E-03,-484.9246E-03
+112.3500E-03,-511.3065E-03
+112.6000E-03,-482.4121E-03
+112.8500E-03,-522.6131E-03
+113.1000E-03,-484.9246E-03
+113.3500E-03,-562.8141E-03
+113.6000E-03,-522.6131E-03
+113.8500E-03,-491.2060E-03
+114.1000E-03,-482.4121E-03
+114.3500E-03,-540.2010E-03
+114.6000E-03,-541.4573E-03
+114.8500E-03,-522.6131E-03
+115.1000E-03,-521.3568E-03
+115.3500E-03,-493.7186E-03
+115.6000E-03,-520.1005E-03
+115.8500E-03,-522.6131E-03
+116.1000E-03,-561.5578E-03
+116.3500E-03,-522.6131E-03
+116.6000E-03,-501.2563E-03
+116.8500E-03,-531.4070E-03
+117.1000E-03,-483.6683E-03
+117.3500E-03,-533.9196E-03
+117.6000E-03,-522.6131E-03
+117.8500E-03,-491.2060E-03
+118.1000E-03,-522.6131E-03
+118.3500E-03,-533.9196E-03
+118.6000E-03,-522.6131E-03
+118.8500E-03,-491.2060E-03
+119.1000E-03,-522.6131E-03
+119.3500E-03,-551.5075E-03
+119.6000E-03,-501.2563E-03
+119.8500E-03,-513.8191E-03
+120.1000E-03,-523.8693E-03
+120.3500E-03,-522.6131E-03
+120.6000E-03,-503.7688E-03
+120.8500E-03,-482.4121E-03
+121.1000E-03,-482.4121E-03
+121.3500E-03,-522.6131E-03
+121.6000E-03,-522.6131E-03
+121.8500E-03,-522.6131E-03
+122.1000E-03,-523.8693E-03
+122.3500E-03,-551.5075E-03
+122.6000E-03,-501.2563E-03
+122.8500E-03,-522.6131E-03
+123.1000E-03,-522.6131E-03
+123.3500E-03,-482.4121E-03
+123.6000E-03,-522.6131E-03
+123.8500E-03,-531.4070E-03
+124.1000E-03,-522.6131E-03
+124.3500E-03,-511.3065E-03
+124.6000E-03,-543.9698E-03
+124.8500E-03,-562.8141E-03
+125.1000E-03,-483.6683E-03
+125.3500E-03,-522.6131E-03
+125.6000E-03,-522.6131E-03
+125.8500E-03,-531.4070E-03
+126.1000E-03,-521.3568E-03
+126.3500E-03,-562.8141E-03
+126.6000E-03,-522.6131E-03
+126.8500E-03,-522.6131E-03
+127.1000E-03,-522.6131E-03
+127.3500E-03,-493.7186E-03
+127.6000E-03,-482.4121E-03
+127.8500E-03,-513.8191E-03
+128.1000E-03,-521.3568E-03
+128.3500E-03,-522.6131E-03
+128.6000E-03,-522.6131E-03
+128.8500E-03,-522.6131E-03
+129.1000E-03,-522.6131E-03
+129.3500E-03,-522.6131E-03
+129.6000E-03,-522.6131E-03
+129.8500E-03,-522.6131E-03
+130.1000E-03,-521.3568E-03
+130.3500E-03,-522.6131E-03
+130.6000E-03,-522.6131E-03
+130.8500E-03,-522.6131E-03
+131.1000E-03,-561.5578E-03
+131.3500E-03,-522.6131E-03
+131.6000E-03,-503.7688E-03
+131.8500E-03,-522.6131E-03
+132.1000E-03,-522.6131E-03
+132.3500E-03,-533.9196E-03
+132.6000E-03,-522.6131E-03
+132.8500E-03,-531.4070E-03
+133.1000E-03,-522.6131E-03
+133.3500E-03,-522.6131E-03
+133.6000E-03,-501.2563E-03
+133.8500E-03,-522.6131E-03
+134.1000E-03,-522.6131E-03
+134.3500E-03,-533.9196E-03
+134.6000E-03,-482.4121E-03
+134.8500E-03,-522.6131E-03
+135.1000E-03,-521.3568E-03
+135.3500E-03,-522.6131E-03
+135.6000E-03,-501.2563E-03
+135.8500E-03,-522.6131E-03
+136.1000E-03,-483.6683E-03
+136.3500E-03,-533.9196E-03
+136.6000E-03,-522.6131E-03
+136.8500E-03,-522.6131E-03
+137.1000E-03,-522.6131E-03
+137.3500E-03,-522.6131E-03
+137.6000E-03,-482.4121E-03
+137.8500E-03,-513.8191E-03
+138.1000E-03,-522.6131E-03
+138.3500E-03,-562.8141E-03
+138.6000E-03,-522.6131E-03
+138.8500E-03,-522.6131E-03
+139.1000E-03,-522.6131E-03
+139.3500E-03,-533.9196E-03
+139.6000E-03,-522.6131E-03
+139.8500E-03,-522.6131E-03
+140.1000E-03,-523.8693E-03
+140.3500E-03,-522.6131E-03
+140.6000E-03,-522.6131E-03
+140.8500E-03,-491.2060E-03
+141.1000E-03,-484.9246E-03
+141.3500E-03,-551.5075E-03
+141.6000E-03,-541.4573E-03
+141.8500E-03,-531.4070E-03
+142.1000E-03,-561.5578E-03
+142.3500E-03,-522.6131E-03
+142.6000E-03,-543.9698E-03
+142.8500E-03,-554.0201E-03
+143.1000E-03,-483.6683E-03
+143.3500E-03,-522.6131E-03
+143.6000E-03,-522.6131E-03
+143.8500E-03,-491.2060E-03
+144.1000E-03,-522.6131E-03
+144.3500E-03,-493.7186E-03
+144.6000E-03,-503.7688E-03
+144.8500E-03,-531.4070E-03
+145.1000E-03,-522.6131E-03
+145.3500E-03,-522.6131E-03
+145.6000E-03,-522.6131E-03
+145.8500E-03,-522.6131E-03
+146.1000E-03,-561.5578E-03
+146.3500E-03,-511.3065E-03
+146.6000E-03,-522.6131E-03
+146.8500E-03,-482.4121E-03
+147.1000E-03,-522.6131E-03
+147.3500E-03,-533.9196E-03
+147.6000E-03,-541.4573E-03
+147.8500E-03,-513.8191E-03
+148.1000E-03,-522.6131E-03
+148.3500E-03,-505.0251E-03
+148.6000E-03,-503.7688E-03
+148.8500E-03,-522.6131E-03
+149.1000E-03,-523.8693E-03
+149.3500E-03,-522.6131E-03
+149.6000E-03,-541.4573E-03
+149.8500E-03,-522.6131E-03
+150.1000E-03,-561.5578E-03
+150.3500E-03,-522.6131E-03
+150.6000E-03,-522.6131E-03
+150.8500E-03,-554.0201E-03
+151.1000E-03,-522.6131E-03
+151.3500E-03,-591.7085E-03
+151.6000E-03,-501.2563E-03
+151.8500E-03,-500.0000E-03
+152.1000E-03,-522.6131E-03
+152.3500E-03,-551.5075E-03
+152.6000E-03,-541.4573E-03
+152.8500E-03,-531.4070E-03
+153.1000E-03,-522.6131E-03
+153.3500E-03,-522.6131E-03
+153.6000E-03,-522.6131E-03
+153.8500E-03,-531.4070E-03
+154.1000E-03,-522.6131E-03
+154.3500E-03,-562.8141E-03
+154.6000E-03,-522.6131E-03
+154.8500E-03,-522.6131E-03
+155.1000E-03,-561.5578E-03
+155.3500E-03,-551.5075E-03
+155.6000E-03,-482.4121E-03
+155.8500E-03,-562.8141E-03
+156.1000E-03,-522.6131E-03
+156.3500E-03,-551.5075E-03
+156.6000E-03,-541.4573E-03
+156.8500E-03,-562.8141E-03
+157.1000E-03,-523.8693E-03
+157.3500E-03,-522.6131E-03
+157.6000E-03,-522.6131E-03
+157.8500E-03,-500.0000E-03
+158.1000E-03,-521.3568E-03
+158.3500E-03,-511.3065E-03
+158.6000E-03,-543.9698E-03
+158.8500E-03,-522.6131E-03
+159.1000E-03,-523.8693E-03
+159.3500E-03,-551.5075E-03
+159.6000E-03,-522.6131E-03
+159.8500E-03,-522.6131E-03
+160.1000E-03,-522.6131E-03
+160.3500E-03,-511.3065E-03
+160.6000E-03,-543.9698E-03
+160.8500E-03,-522.6131E-03
+161.1000E-03,-523.8693E-03
+161.3500E-03,-505.0251E-03
+161.6000E-03,-522.6131E-03
+161.8500E-03,-545.2261E-03
+162.1000E-03,-523.8693E-03
+162.3500E-03,-533.9196E-03
+162.6000E-03,-522.6131E-03
+162.8500E-03,-513.8191E-03
+163.1000E-03,-522.6131E-03
+163.3500E-03,-551.5075E-03
+163.6000E-03,-522.6131E-03
+163.8500E-03,-531.4070E-03
+164.1000E-03,-523.8693E-03
+164.3500E-03,-493.7186E-03
+164.6000E-03,-522.6131E-03
+164.8500E-03,-531.4070E-03
+165.1000E-03,-522.6131E-03
+165.3500E-03,-533.9196E-03
+165.6000E-03,-522.6131E-03
+165.8500E-03,-554.0201E-03
+166.1000E-03,-522.6131E-03
+166.3500E-03,-522.6131E-03
+166.6000E-03,-562.8141E-03
+166.8500E-03,-491.2060E-03
+167.1000E-03,-561.5578E-03
+167.3500E-03,-551.5075E-03
+167.6000E-03,-522.6131E-03
+167.8500E-03,-531.4070E-03
+168.1000E-03,-522.6131E-03
+168.3500E-03,-551.5075E-03
+168.6000E-03,-543.9698E-03
+168.8500E-03,-522.6131E-03
+169.1000E-03,-523.8693E-03
+169.3500E-03,-522.6131E-03
+169.6000E-03,-525.1256E-03
+169.8500E-03,-540.2010E-03
+170.1000E-03,-600.5025E-03
+170.3500E-03,-533.9196E-03
+170.6000E-03,-543.9698E-03
+170.8500E-03,-522.6131E-03
+171.1000E-03,-522.6131E-03
+171.3500E-03,-511.3065E-03
+171.6000E-03,-562.8141E-03
+171.8500E-03,-531.4070E-03
+172.1000E-03,-562.8141E-03
+172.3500E-03,-522.6131E-03
+172.6000E-03,-522.6131E-03
+172.8500E-03,-522.6131E-03
+173.1000E-03,-521.3568E-03
+173.3500E-03,-493.7186E-03
+173.6000E-03,-522.6131E-03
+173.8500E-03,-482.4121E-03
+174.1000E-03,-562.8141E-03
+174.3500E-03,-551.5075E-03
+174.6000E-03,-541.4573E-03
+174.8500E-03,-522.6131E-03
+175.1000E-03,-562.8141E-03
+175.3500E-03,-562.8141E-03
+175.6000E-03,-522.6131E-03
+175.8500E-03,-562.8141E-03
+176.1000E-03,-523.8693E-03
+176.3500E-03,-522.6131E-03
+176.6000E-03,-522.6131E-03
+176.8500E-03,-522.6131E-03
+177.1000E-03,-523.8693E-03
+177.3500E-03,-533.9196E-03
+177.6000E-03,-522.6131E-03
+177.8500E-03,-554.0201E-03
+178.1000E-03,-601.7588E-03
+178.3500E-03,-493.7186E-03
+178.6000E-03,-501.2563E-03
+178.8500E-03,-531.4070E-03
+179.1000E-03,-523.8693E-03
+179.3500E-03,-522.6131E-03
+179.6000E-03,-522.6131E-03
+179.8500E-03,-562.8141E-03
+180.1000E-03,-523.8693E-03
+180.3500E-03,-533.9196E-03
+180.6000E-03,-543.9698E-03
+180.8500E-03,-522.6131E-03
+181.1000E-03,-561.5578E-03
+181.3500E-03,-505.0251E-03
+181.6000E-03,-522.6131E-03
+181.8500E-03,-522.6131E-03
+182.1000E-03,-484.9246E-03
+182.3500E-03,-522.6131E-03
+182.6000E-03,-541.4573E-03
+182.8500E-03,-491.2060E-03
+183.1000E-03,-562.8141E-03
+183.3500E-03,-551.5075E-03
+183.6000E-03,-522.6131E-03
+183.8500E-03,-522.6131E-03
+184.1000E-03,-561.5578E-03
+184.3500E-03,-533.9196E-03
+184.6000E-03,-522.6131E-03
+184.8500E-03,-522.6131E-03
+185.1000E-03,-522.6131E-03
+185.3500E-03,-533.9196E-03
+185.6000E-03,-543.9698E-03
+185.8500E-03,-522.6131E-03
+186.1000E-03,-522.6131E-03
+186.3500E-03,-522.6131E-03
+186.6000E-03,-541.4573E-03
+186.8500E-03,-562.8141E-03
+187.1000E-03,-523.8693E-03
+187.3500E-03,-522.6131E-03
+187.6000E-03,-501.2563E-03
+187.8500E-03,-554.0201E-03
+188.1000E-03,-523.8693E-03
+188.3500E-03,-522.6131E-03
+188.6000E-03,-562.8141E-03
+188.8500E-03,-522.6131E-03
+189.1000E-03,-523.8693E-03
+189.3500E-03,-493.7186E-03
+189.6000E-03,-522.6131E-03
+189.8500E-03,-522.6131E-03
+190.1000E-03,-561.5578E-03
+190.3500E-03,-522.6131E-03
+190.6000E-03,-562.8141E-03
+190.8500E-03,-554.0201E-03
+191.1000E-03,-522.6131E-03
+191.3500E-03,-522.6131E-03
+191.6000E-03,-522.6131E-03
+191.8500E-03,-522.6131E-03
+192.1000E-03,-521.3568E-03
+192.3500E-03,-562.8141E-03
+192.6000E-03,-522.6131E-03
+192.8500E-03,-531.4070E-03
+193.1000E-03,-561.5578E-03
+193.3500E-03,-505.0251E-03
+193.6000E-03,-562.8141E-03
+193.8500E-03,-554.0201E-03
+194.1000E-03,-523.8693E-03
+194.3500E-03,-562.8141E-03
+194.6000E-03,-522.6131E-03
+194.8500E-03,-522.6131E-03
+195.1000E-03,-522.6131E-03
+195.3500E-03,-522.6131E-03
+195.6000E-03,-541.4573E-03
+195.8500E-03,-522.6131E-03
+196.1000E-03,-523.8693E-03
+196.3500E-03,-551.5075E-03
+196.6000E-03,-522.6131E-03
+196.8500E-03,-522.6131E-03
+197.1000E-03,-483.6683E-03
+197.3500E-03,-562.8141E-03
+197.6000E-03,-520.1005E-03
+197.8500E-03,-554.0201E-03
+198.1000E-03,-483.6683E-03
+198.3500E-03,-511.3065E-03
+198.6000E-03,-522.6131E-03
+198.8500E-03,-531.4070E-03
+199.1000E-03,-561.5578E-03
+199.3500E-03,-533.9196E-03
+199.6000E-03,-543.9698E-03
+199.8500E-03,-554.0201E-03
+200.1000E-03,-523.8693E-03
+200.3500E-03,-522.6131E-03
+200.6000E-03,-541.4573E-03
+200.8500E-03,-531.4070E-03
+201.1000E-03,-561.5578E-03
+201.3500E-03,-522.6131E-03
+201.6000E-03,-522.6131E-03
+201.8500E-03,-482.4121E-03
+202.1000E-03,-561.5578E-03
+202.3500E-03,-551.5075E-03
+202.6000E-03,-503.7688E-03
+202.8500E-03,-554.0201E-03
+203.1000E-03,-523.8693E-03
+203.3500E-03,-533.9196E-03
+203.6000E-03,-522.6131E-03
+203.8500E-03,-522.6131E-03
+204.1000E-03,-562.8141E-03
+204.3500E-03,-551.5075E-03
+204.6000E-03,-522.6131E-03
+204.8500E-03,-491.2060E-03
+205.1000E-03,-523.8693E-03
+205.3500E-03,-533.9196E-03
+205.6000E-03,-522.6131E-03
+205.8500E-03,-554.0201E-03
+206.1000E-03,-522.6131E-03
+206.3500E-03,-522.6131E-03
+206.6000E-03,-522.6131E-03
+206.8500E-03,-554.0201E-03
+207.1000E-03,-522.6131E-03
+207.3500E-03,-522.6131E-03
+207.6000E-03,-522.6131E-03
+207.8500E-03,-531.4070E-03
+208.1000E-03,-523.8693E-03
+208.3500E-03,-562.8141E-03
+208.6000E-03,-522.6131E-03
+208.8500E-03,-522.6131E-03
+209.1000E-03,-562.8141E-03
+209.3500E-03,-522.6131E-03
+209.6000E-03,-520.1005E-03
+209.8500E-03,-531.4070E-03
+210.1000E-03,-523.8693E-03
+210.3500E-03,-493.7186E-03
+210.6000E-03,-562.8141E-03
+210.8500E-03,-531.4070E-03
+211.1000E-03,-522.6131E-03
+211.3500E-03,-482.4121E-03
+211.6000E-03,-522.6131E-03
+211.8500E-03,-522.6131E-03
+212.1000E-03,-523.8693E-03
+212.3500E-03,-562.8141E-03
+212.6000E-03,-541.4573E-03
+212.8500E-03,-554.0201E-03
+213.1000E-03,-562.8141E-03
+213.3500E-03,-533.9196E-03
+213.6000E-03,-503.7688E-03
+213.8500E-03,-531.4070E-03
+214.1000E-03,-522.6131E-03
+214.3500E-03,-551.5075E-03
+214.6000E-03,-562.8141E-03
+214.8500E-03,-554.0201E-03
+215.1000E-03,-561.5578E-03
+215.3500E-03,-493.7186E-03
+215.6000E-03,-543.9698E-03
+215.8500E-03,-522.6131E-03
+216.1000E-03,-522.6131E-03
+216.3500E-03,-533.9196E-03
+216.6000E-03,-525.1256E-03
+216.8500E-03,-562.8141E-03
+217.1000E-03,-522.6131E-03
+217.3500E-03,-522.6131E-03
+217.6000E-03,-543.9698E-03
+217.8500E-03,-531.4070E-03
+218.1000E-03,-522.6131E-03
+218.3500E-03,-522.6131E-03
+218.6000E-03,-543.9698E-03
+218.8500E-03,-522.6131E-03
+219.1000E-03,-522.6131E-03
+219.3500E-03,-533.9196E-03
+219.6000E-03,-522.6131E-03
+219.8500E-03,-554.0201E-03
+220.1000E-03,-521.3568E-03
+220.3500E-03,-511.3065E-03
+220.6000E-03,-543.9698E-03
+220.8500E-03,-522.6131E-03
+221.1000E-03,-561.5578E-03
+221.3500E-03,-493.7186E-03
+221.6000E-03,-522.6131E-03
+221.8500E-03,-522.6131E-03
+222.1000E-03,-522.6131E-03
+222.3500E-03,-533.9196E-03
+222.6000E-03,-543.9698E-03
+222.8500E-03,-513.8191E-03
+223.1000E-03,-561.5578E-03
+223.3500E-03,-522.6131E-03
+223.6000E-03,-522.6131E-03
+223.8500E-03,-513.8191E-03
+224.1000E-03,-483.6683E-03
+224.3500E-03,-522.6131E-03
+224.6000E-03,-522.6131E-03
+224.8500E-03,-522.6131E-03
+225.1000E-03,-522.6131E-03
+225.3500E-03,-562.8141E-03
+225.6000E-03,-525.1256E-03
+225.8500E-03,-522.6131E-03
+226.1000E-03,-522.6131E-03
+226.3500E-03,-522.6131E-03
+226.6000E-03,-501.2563E-03
+226.8500E-03,-531.4070E-03
+227.1000E-03,-561.5578E-03
+227.3500E-03,-551.5075E-03
+227.6000E-03,-541.4573E-03
+227.8500E-03,-522.6131E-03
+228.1000E-03,-562.8141E-03
+228.3500E-03,-522.6131E-03
+228.6000E-03,-522.6131E-03
+228.8500E-03,-531.4070E-03
+229.1000E-03,-483.6683E-03
+229.3500E-03,-522.6131E-03
+229.6000E-03,-562.8141E-03
+229.8500E-03,-513.8191E-03
+230.1000E-03,-523.8693E-03
+230.3500E-03,-562.8141E-03
+230.6000E-03,-541.4573E-03
+230.8500E-03,-554.0201E-03
+231.1000E-03,-484.9246E-03
+231.3500E-03,-533.9196E-03
+231.6000E-03,-522.6131E-03
+231.8500E-03,-513.8191E-03
+232.1000E-03,-522.6131E-03
+232.3500E-03,-505.0251E-03
+232.6000E-03,-541.4573E-03
+232.8500E-03,-522.6131E-03
+233.1000E-03,-561.5578E-03
+233.3500E-03,-533.9196E-03
+233.6000E-03,-541.4573E-03
+233.8500E-03,-491.2060E-03
+234.1000E-03,-522.6131E-03
+234.3500E-03,-522.6131E-03
+234.6000E-03,-543.9698E-03
+234.8500E-03,-554.0201E-03
+235.1000E-03,-562.8141E-03
+235.3500E-03,-522.6131E-03
+235.6000E-03,-522.6131E-03
+235.8500E-03,-554.0201E-03
+236.1000E-03,-522.6131E-03
+236.3500E-03,-533.9196E-03
+236.6000E-03,-522.6131E-03
+236.8500E-03,-522.6131E-03
+237.1000E-03,-562.8141E-03
+237.3500E-03,-533.9196E-03
+237.6000E-03,-522.6131E-03
+237.8500E-03,-522.6131E-03
+238.1000E-03,-522.6131E-03
+238.3500E-03,-522.6131E-03
+238.6000E-03,-482.4121E-03
+238.8500E-03,-562.8141E-03
+239.1000E-03,-483.6683E-03
+239.3500E-03,-522.6131E-03
